{"access_button@common_buttons.light_content_button":{"$pressed_button_name":"button.access","anchor_from":"top_left","anchor_to":"top_left","bindings":[{"binding_name":"#access_screen_visible","binding_name_override":"#visible"}],"offset":[20,20],"size":[20,20]},"content_panel":{"clips_children":false,"controls":[{"access_button@debug_screen.access_button":{}},{"special_render@debug_screen.special_render":{}},{"pixelpoly_watermark@debug_screen.pixelpoly_watermark":{}},{"pixelpoly_watermark_image@debug_screen.pixelpoly_watermark_image":{}}],"size":["100%","100%"],"type":"panel"},"debug_screen@common.base_screen":{"$screen_animations":[],"$screen_content":"debug_screen.content_panel","$use_loading_bars":false,"always_accepts_input":true,"is_modal":true,"is_showing_menu":false,"low_frequency_rendering":true,"render_game_behind":true,"render_only_when_topmost":false,"screen_draws_last":true,"screen_not_flushable":true,"send_telemetry":false,"should_steal_mouse":false},"namespace":"debug_screen","pixelpoly_watermark":{"alpha":10,"anchor_from":"top_right","anchor_to":"top_right","color":[1,1,1],"font_size":"small","shadow":true,"text":"Politoed Client\nMade by §b@LordPolitoed17\nand @Markiroto","type":"label"},"pixelpoly_watermark_image":{"anchor_from":"top_right","anchor_to":"top_right","layer":3,"offset":[-63,-2],"size":[16,16],"texture":"textures/logo/pl","type":"image"},"special_render":{"renderer":"debug_screen_renderer","type":"custom"}}