{
  "namespace": "crafting",
  "help_button@common.button": {
    "size": [ 15, 15 ],
    "layer": 5,

    "visible": false,

    "$default_texture|default": "textures/ui/how_to_play_button_default_light",
    "$hover_texture|default": "textures/ui/how_to_play_button_hover_light",
    "$pressed_texture|default": "textures/ui/how_to_play_button_pressed_light",

    "$pressed_button_name": "button.help",

    "$focus_id": "help_button",
    "$focus_override_up": "FOCUS_OVERRIDE_STOP",

    "controls": [
      {
        "default": {
          "type": "image",
          "texture": "$default_texture"
        }
      },
      {
        "hover": {
          "type": "image",
          "texture": "$hover_texture"
        }
      },
      {
        "pressed": {
          "type": "image",
          "texture": "$pressed_texture"
        }
      }
    ]
  }
}