{"creator_version_panel":{"anchor_from":"top_left","anchor_to":"top_left","controls":[{"bedrocktimize@start.bedrocktimize":{}},{"bedrocktimize_version@start.bedrocktimize_version":{}},{"minecraft@start.minecraft":{}},{"version@start.version":{}}],"offset":[5,5],"size":["default",10],"type":"stack_panel"},"disclaimer":{"$button_content_alpha":0.5,"alpha":0.5,"anchor_from":"bottom_middle","anchor_to":"bottom_middle","font_size":"small","layer":1,"max_size":["default","default"],"shadow":true,"size":["default","default"],"text":"Creator: @Markiroto & Lord Politoed \n Release: Experimental 2.2.4","type":"label"},"disclaimer_panel":{"anchor_from":"bottom_middle","anchor_to":"bottom_middle","controls":[{"disclaimer@disclaimer":{}}],"offset":[5,-15],"size":["default",10],"type":"stack_panel"},"exit_button":{"anchor_from":"top_right","anchor_to":"top_right","controls":[{"exit_button@start.main_button":{}}],"offset":[-5,5],"type":"panel"},"exit_button@common_buttons.light_glyph_button":{"$button_content":"start.exit_icon","$button_content_offset":[0.9,-0.5],"$pressed_button_name":"button.menu_exit","alpha":0.5,"anchor_from":"top_right","anchor_to":"top_right","offset":[-5,5],"size":[20,20]},"exit_icon":{"anchor_from":"left_middle","anchor_to":"left_middle","layer":3,"size":[12,12],"texture":"textures/ui/exit","type":"image"},"feedback_button":{"$button_tts_header":"accessibility.start.feedback","controls":[{"edu_feedback_button@start.edu_feedback_button":{"ignored":"(not $education_edition)"}},{"release_feedback_button@start.release_feedback_button":{"ignored":"($pre_release or $education_edition)"}},{"pre_release_feedback_button@start.pre_release_feedback_button":{"ignored":"(not $pre_release or $education_edition)"}}],"ignored":true,"type":"panel"},"feedback_icon":{"layer":3,"size":[12,12],"texture":"textures/ui/Feedback","type":"image"},"feedback_v2_button":{"$button_content_offset":[4,0.5],"$button_tts_header":"accessibility.start.feedback","anchor_from":"top_right","anchor_to":"top_right","controls":[{"edu_feedback_button@start.edu_feedback_button":{"ignored":"(not $education_edition)"}},{"release_feedback_button@start.release_feedback_button":{"ignored":"($pre_release or $education_edition)"}},{"pre_release_feedback_button@start.pre_release_feedback_button":{"ignored":"(not $pre_release or $education_edition)"}}],"ignored":"$feedback_ignored","offset":[-5,35],"size":[20,20],"type":"panel"},"gamepad_helpers":{"controls":[{"gamepad_helper_a@common.gamepad_helper_a":{}},{"gamepad_helper_b_and_padding":{"controls":[{"gamepad_helper_b@common.gamepad_helper_b":{"anchor_from":"left_middle","anchor_to":"left_middle","offset":[10,0]}}],"ignored":"(not $can_quit)","size":["100%c + 10px","100%c"],"type":"panel"}},{"gamepad_helper_y_and_padding":{"bindings":[{"binding_name":"#y_helper_visible","binding_name_override":"#visible"}],"controls":[{"gamepad_helper_y@common.gamepad_helper_y":{"anchor_from":"left_middle","anchor_to":"left_middle","offset":[10,0]}}],"size":["100%c + 10px","100%c"],"type":"panel"}},{"gamepad_helper_x_and_padding":{"bindings":[{"binding_name":"#x_helper_visible","binding_name_override":"#visible"}],"controls":[{"gamepad_helper_x@common.gamepad_helper_x":{"anchor_from":"left_middle","anchor_to":"left_middle","offset":[10,0]}}],"size":["100%c + 10px","100%c"],"type":"panel"}}],"orientation":"horizontal","size":["100%c",26],"type":"stack_panel"},"invite_icon":{"anchor_from":"left_middle","anchor_to":"left_middle","size":[12,12],"texture":"textures/ui/invite_base","type":"image"},"invite_notification_icon":{"size":[16,16],"texture":"$invite_texture","type":"image"},"invites_button":{"controls":[{"invites_button@start.main_button":{}}],"type":"panel"},"invites_button@common_buttons.light_glyph_button":{"$button_content":"start.invite_icon","$button_content_offset":[0.9,1],"$button_tts_header":"realmsInvitationScreen.shareTitle","$pressed_button_name":"button.menu_invite_notification","size":[20,20]},"left_buttons_panel":{"anchor_from":"left_middle","anchor_to":"left_middle","controls":[{"left_rows":{"controls":[{"left_row_0@start.left_row":{"controls":[{"play_button@start.play_button":{}}],"size":[130,30]}},{"spacer_0":{"size":[6,6],"type":"panel"}},{"left_row_1@start.left_row":{"controls":[{"settings_button@start.settings_button":{}}],"size":[130,30]}}],"size":["100%","100%c"],"type":"stack_panel"}}],"offset":[30,0],"size":[100,"100%c"],"type":"panel"},"left_row":{"size":["100%",32],"type":"panel"},"main_button@common_buttons.light_text_button":{"size":["100% - 2px","100% - 2px"]},"main_buttons_stack_panel":{"$title_offset_padding|default":["100%","10%"],"controls":[{"title_offset_padding":{"size":"$title_offset_padding","type":"panel"}},{"title_panel_content@common_art.start_title_panel_content":{}},{"right_and_left_buttons_panel":{"controls":[{"left_buttons_panel@start.left_buttons_panel":{}},{"right_buttons_panel@start.right_buttons_panel":{}}],"size":["100%","100%c"],"type":"panel"}},{"padding_fill_1":{"size":["100%","fill"],"type":"panel"}},{"padding_fill_2":{"controls":[{"gamepad_helpers@start.gamepad_helpers":{}}],"size":["100%","fill"],"type":"panel"}},{"padding_3":{"size":["100%",10],"type":"panel"}}],"orientation":"vertical","size":["100%","100%"],"type":"stack_panel","variables":[{"$title_offset_padding":["100%","5%"],"requires":"$pocket_screen"}]},"minecraft":{"anchor_from":"top_left","anchor_to":"top_left","layer":1,"max_size":["default",10],"shadow":true,"size":["default",10],"text":"Minecraft:","type":"label"},"namespace":"start","play_button@start.main_button":{"$button_text":"menu.play","$focus_override_right":"menu_skins_button","$pressed_button_name":"button.menu_play","bindings":[{"binding_name":"#focus_change_left"}],"default_focus_precedence":1},"pre_release_feedback_button@start.release_feedback_button":{"property_bag":{"#hyperlink":"https://aka.ms/minecraftfbbeta"},"size":[20,20]},"profile_button@start.main_button":{"$button_text":"profileScreen.header","$pressed_button_name":"button.to_profile_screen"},"realms_pending_invite_panel":{"bindings":[{"binding_name":"#realms_notification_visible","binding_name_override":"#visible"}],"controls":[{"button@common.button":{"$button_tts_header":"realmsInvitationScreen.shareTitle","$pressed_button_name":"button.menu_invite_notification","controls":[{"default@start.invite_notification_icon":{"$invite_texture":"textures/ui/invite_base"}},{"hover@start.invite_notification_icon":{"$invite_texture":"textures/ui/invite_hover"}},{"pressed@start.invite_notification_icon":{"$invite_texture":"textures/ui/invite_pressed"}}],"offset":[2,2],"size":[20,20]}}],"ignored":true,"offset":[0,30],"size":[24,24],"type":"panel"},"release_feedback_button@common_buttons.hyperlink_content_button":{"$button_content":"start.feedback_icon","property_bag":{"#hyperlink":"https://aka.ms/minecraftfb"},"size":[20,20]},"right_buttons_panel":{"anchor_from":"right_middle","anchor_to":"right_middle","controls":[{"right_rows":{"controls":[{"right_row_3@start.right_row":{"controls":[{"store_button@start.store_button":{"enabled":"(not $store_disabled)"}},{"update_icon@start.update_prompt_icon":{"bindings":[{"binding_condition":"always","binding_name":"#update_icon_visible","binding_name_override":"#visible"}],"offset":[-16,-6],"size":["52.38%y",15]}}],"ignored":"$store_ignored","size":[130,30]}},{"spacer_1":{"size":[6,6],"type":"panel"}},{"right_row_4@start.right_row":{"controls":[{"profile_button@start.profile_button":{}}],"size":[130,30]}}],"size":["100%","100%c"],"type":"stack_panel"}}],"offset":[-60,0],"size":[100,"100%c"],"type":"panel"},"right_row":{"size":["100%",32],"type":"panel"},"settings_button@start.main_button":{"$button_text":"menu.settings","$pressed_button_name":"button.menu_settings"},"skin_panel":{"anchor_from":"center","anchor_to":"center","controls":[{"viewer_panel@start.skin_viewer_panel":{}}],"offset":[0,0],"type":"panel"},"skin_viewer_panel":{"anchor_from":"bottom_middle","anchor_to":"bottom_middle","button_mappings":[{"button_up_right_of_first_refusal":true,"from_button_id":"button.menu_select","mapping_type":"pressed","to_button_id":"button.turn_doll"}],"controls":[{"paper_doll_panel":{"controls":[{"paper_doll":{"anchor_from":"bottom_middle","anchor_to":"bottom_middle","animation_reset_name":"screen_animation_reset","anims":["@common.screen_exit_size_animation_push","@common.screen_exit_size_animation_pop","@common.screen_entrance_size_animation_push","@common.screen_entrance_size_animation_pop"],"bindings":[{"binding_type":"view","source_control_name":"viewer_panel","source_property_name":"#gesture_delta_source","target_property_name":"#gesture_delta_source"},{"binding_type":"view","source_control_name":"viewer_panel","source_property_name":"#gesture_mouse_delta_x","target_property_name":"#gesture_mouse_delta_x"}],"layer":2,"offset":[0,0],"renderer":"paper_doll_renderer","rotation":"gesture_x","size":["100%","100%"],"type":"custom"}}],"size":["100%","100% - 10px"],"type":"panel"}},{"paper_doll_name_tag":{"anchor_from":"top_middle","anchor_to":"bottom_middle","bindings":[{"binding_name":"#playername"}],"offset":[0,15],"renderer":"name_tag_renderer","size":[8,8],"type":"custom"}}],"gesture_tracking_button":"button.turn_doll","offset":[0,0],"size":["100%","100% - 24px"],"type":"input_panel"},"start_screen@common.base_screen":{"$screen_animations":["@common.screen_exit_animation_push_fade","@common.screen_exit_animation_pop_fade","@common.screen_entrance_animation_push_fade","@common.screen_entrance_animation_pop_fade"],"$screen_content":"start.start_screen_content","button_mappings":[{"from_button_id":"button.menu_cancel","ignored":"(not $can_quit)","mapping_type":"global","to_button_id":"button.menu_exit"},{"from_button_id":"button.controller_select","ignored":"(not $nx_os)","mapping_type":"global","to_button_id":"button.menu_offline"}]},"start_screen_content":{"$achievements_ignored|default":false,"$feedback_ignored|default":false,"$store_ignored|default":false,"controls":[{"skin_panel@start.skin_panel":{"layer":1}},{"exit_button@start.exit_button":{}},{"invites_button@start.invites_button":{"anchor_from":"top_right","anchor_to":"top_right","offset":[-5,65]}},{"feedback_v2_button@start.feedback_v2_button":{}},{"main_buttons_and_title_panel@start.main_buttons_stack_panel":{}},{"online_buttons_panel@start.online_buttons_panel":{}},{"creator_version_panel@creator_version_panel":{}},{"disclaimer_panel@disclaimer_panel":{}},{"realms_pending_invite_panel@start.realms_pending_invite_panel":{"anchor_from":"top_left","anchor_to":"top_left"}}],"type":"panel"},"store_button@common_buttons.light_content_button":{"$button_binding_condition":"none","$button_content":"start.store_button_content","$button_text":"menu.store","$button_text_binding_type":"none","$button_text_grid_collection_name":"","$pressed_button_name":"button.menu_store","size":["100% - 2px","100% - 2px"]},"store_sale_label":{"color":"$light_button_default_text_color","layer":2,"offset":[4,0],"size":["default",10],"text":"store.startMenu.sale","type":"label"},"verson":{"anchor_from":"top_left","anchor_to":"top_left","bindings":[{"binding_name":"#version"}],"layer":1,"max_size":["default",10],"shadow":true,"size":["default",10],"text":"#version","type":"label"}}
