{
	"format_version": "1.8.0",
	"render_controllers": {
		"controller.render.has_health_1": {
			"textures": [
				"Texture.health1"
			],
			"geometry": "Geometry.healthbar",
			"materials": [
				{
					"*": "Material.default"
				}
			]
		},
		"controller.render.has_health_2": {
			"textures": [
				"Texture.health2"
			],
			"geometry": "Geometry.healthbar",
			"materials": [
				{
					"*": "Material.default"
				}
			]
		},
		"controller.render.has_health_3": {
			"textures": [
				"Texture.health3"
			],
			"geometry": "Geometry.healthbar",
			"materials": [
				{
					"*": "Material.default"
				}
			]
		},
		"controller.render.has_health_4": {
			"textures": [
				"Texture.health4"
			],
			"geometry": "Geometry.healthbar",
			"materials": [
				{
					"*": "Material.default"
				}
			]
		},
		"controller.render.has_health_5": {
			"textures": [
				"Texture.health5"
			],
			"geometry": "Geometry.healthbar",
			"materials": [
				{
					"*": "Material.default"
				}
			]
		},
		"controller.render.has_health_6": {
			"textures": [
				"Texture.health6"
			],
			"geometry": "Geometry.healthbar",
			"materials": [
				{
					"*": "Material.default"
				}
			]
		},
		"controller.render.has_health_7": {
			"textures": [
				"Texture.health7"
			],
			"geometry": "Geometry.healthbar",
			"materials": [
				{
					"*": "Material.default"
				}
			]
		},
		"controller.render.has_health_8": {
			"textures": [
				"Texture.health8"
			],
			"geometry": "Geometry.healthbar",
			"materials": [
				{
					"*": "Material.default"
				}
			]
		},
		"controller.render.has_health_9": {
			"textures": [
				"Texture.health9"
			],
			"geometry": "Geometry.healthbar",
			"materials": [
				{
					"*": "Material.default"
				}
			]
		},
		"controller.render.has_health_10": {
			"textures": [
				"Texture.health10"
			],
			"geometry": "Geometry.healthbar",
			"materials": [
				{
					"*": "Material.default"
				}
			]
		},
		"controller.render.has_health_11": {
			"textures": [
				"Texture.health11"
			],
			"geometry": "Geometry.healthbar",
			"materials": [
				{
					"*": "Material.default"
				}
			]
		},
		"controller.render.has_health_12": {
			"textures": [
				"Texture.health12"
			],
			"geometry": "Geometry.healthbar",
			"materials": [
				{
					"*": "Material.default"
				}
			]
		},
		"controller.render.has_health_13": {
			"textures": [
				"Texture.health13"
			],
			"geometry": "Geometry.healthbar",
			"materials": [
				{
					"*": "Material.default"
				}
			]
		},
		"controller.render.has_health_14": {
			"textures": [
				"Texture.health14"
			],
			"geometry": "Geometry.healthbar",
			"materials": [
				{
					"*": "Material.default"
				}
			]
		},
		"controller.render.has_health_15": {
			"textures": [
				"Texture.health15"
			],
			"geometry": "Geometry.healthbar",
			"materials": [
				{
					"*": "Material.default"
				}
			]
		},
		"controller.render.has_health_16": {
			"textures": [
				"Texture.health16"
			],
			"geometry": "Geometry.healthbar",
			"materials": [
				{
					"*": "Material.default"
				}
			]
		},
		"controller.render.has_health_17": {
			"textures": [
				"Texture.health17"
			],
			"geometry": "Geometry.healthbar",
			"materials": [
				{
					"*": "Material.default"
				}
			]
		},
		"controller.render.has_health_18": {
			"textures": [
				"Texture.health18"
			],
			"geometry": "Geometry.healthbar",
			"materials": [
				{
					"*": "Material.default"
				}
			]
		},
		"controller.render.has_health_19": {
			"textures": [
				"Texture.health19"
			],
			"geometry": "Geometry.healthbar",
			"materials": [
				{
					"*": "Material.default"
				}
			]
		},
		"controller.render.has_health_20": {
			"textures": [
				"Texture.health20"
			],
			"geometry": "Geometry.healthbar",
			"materials": [
				{
					"*": "Material.default"
				}
			]
		}
	}
}