{
    "format_version": "1.8.0",
    "render_controllers": {
        "controller.render.parrot": {
            "arrays": {
                "textures": {
                    "Array.skins": [
                        "Texture.red_blue",
                        "Texture.blue",
                        "Texture.green",
                        "Texture.yellow_blue",
                        "Texture.grey"
                    ]
                }
            },
            "geometry": "Geometry.default",
            "materials": [
                {
                    "*": "Material.default"
                }
            ],
            "textures": [
                "Array.skins[query.variant]"
            ],
            "is_hurt_color": {
                "r": "0.0",
                "g": "0.0",
                "b": "0.0",
                "a": "0.0"
            },
            "on_fire_color": {
                "r": "0.0",
                "g": "0.0",
                "b": "0.0",
                "a": "0.0"
            }
        }
    }
}