{
    "format_version": "1.8.0",
    "render_controllers": {
        "controller.render.sheep": {
            "arrays": {
                "geometries": {
                    "Array.geos": [
                        "Geometry.default",
                        "Geometry.sheared"
                    ]
                }
            },
            "geometry": "Array.geos[query.is_sheared]",
            "materials": [
                {
                    "*": "Material.default"
                }
            ],
            "textures": [
                "Texture.default"
            ],
            "is_hurt_color": {
                "r": "0.0",
                "g": "0.0",
                "b": "0.0",
                "a": "0.0"
            },
            "on_fire_color": {
                "r": "0.0",
                "g": "0.0",
                "b": "0.0",
                "a": "0.0"
            }
        }
    }
}