{
    "format_version": "1.8.0",
    "render_controllers": {
        "controller.render.vindicator": {
            "geometry": "Geometry.default",
            "part_visibility": [
                {
                    "rightArm": "query.is_angry || query.is_celebrating"
                },
                {
                    "leftArm": "query.is_angry || query.is_celebrating"
                },
                {
                    "rightItem": "query.is_angry"
                },
                {
                    "arms": "!(query.is_angry || query.is_celebrating)"
                }
            ],
            "materials": [
                {
                    "*": "Material.default"
                }
            ],
            "textures": [
                "Texture.default"
            ],
            "is_hurt_color": {
                "r": "0.0",
                "g": "0.0",
                "b": "0.0",
                "a": "0.0"
            },
            "on_fire_color": {
                "r": "0.0",
                "g": "0.0",
                "b": "0.0",
                "a": "0.0"
            }
        }
    }
}